<?xml version="1.0" ?>
<dpinst>
<legacyMode/>
<enableNotListedLanguages/>
<language code="0x0401">
<dpinstTitle>Starizona USB Device Driver Installer</dpinstTitle>
<welcomeTitle>Welcome to the Starizona USB Device Driver Installer</welcomeTitle>
<welcomeIntro>This wizard will help you install the drivers for your Starizona USB Device device.</welcomeIntro>
<finishTitle>Completing the Installation of the Starizona USB Device Driver</finishTitle>
</language>
<language code="0x0804">
<dpinstTitle>Starizona USB Device Driver Installer</dpinstTitle>
<welcomeTitle>Welcome to the Starizona USB Device Driver Installer</welcomeTitle>
<welcomeIntro>This wizard will help you install the drivers for your Starizona USB Device device.</welcomeIntro>
<finishTitle>Completing the Installation of the Starizona USB Device Driver</finishTitle>
</language>
<language code="0x0404">
<dpinstTitle>Starizona USB Device Driver Installer</dpinstTitle>
<welcomeTitle>Welcome to the Starizona USB Device Driver Installer</welcomeTitle>
<welcomeIntro>This wizard will help you install the drivers for your Starizona USB Device device.</welcomeIntro>
<finishTitle>Completing the Installation of the Starizona USB Device Driver</finishTitle>
</language>
<language code="0x0405">
<dpinstTitle>Starizona USB Device Driver Installer</dpinstTitle>
<welcomeTitle>Welcome to the Starizona USB Device Driver Installer</welcomeTitle>
<welcomeIntro>This wizard will help you install the drivers for your Starizona USB Device device.</welcomeIntro>
<finishTitle>Completing the Installation of the Starizona USB Device Driver</finishTitle>
</language>
<language code="0x0406">
<dpinstTitle>Starizona USB Device Driver Installer</dpinstTitle>
<welcomeTitle>Welcome to the Starizona USB Device Driver Installer</welcomeTitle>
<welcomeIntro>This wizard will help you install the drivers for your Starizona USB Device device.</welcomeIntro>
<finishTitle>Completing the Installation of the Starizona USB Device Driver</finishTitle>
</language>
<language code="0x0407">
<dpinstTitle>Starizona USB Device Driver Installer</dpinstTitle>
<welcomeTitle>Welcome to the Starizona USB Device Driver Installer</welcomeTitle>
<welcomeIntro>This wizard will help you install the drivers for your Starizona USB Device device.</welcomeIntro>
<finishTitle>Completing the Installation of the Starizona USB Device Driver</finishTitle>
</language>
<language code="0x0408">
<dpinstTitle>Starizona USB Device Driver Installer</dpinstTitle>
<welcomeTitle>Welcome to the Starizona USB Device Driver Installer</welcomeTitle>
<welcomeIntro>This wizard will help you install the drivers for your Starizona USB Device device.</welcomeIntro>
<finishTitle>Completing the Installation of the Starizona USB Device Driver</finishTitle>
</language>
<language code="0x0409">
<dpinstTitle>Starizona USB Device Driver Installer</dpinstTitle>
<welcomeTitle>Welcome to the Starizona USB Device Driver Installer</welcomeTitle>
<welcomeIntro>This wizard will help you install the drivers for your Starizona USB Device device.</welcomeIntro>
<finishTitle>Completing the Installation of the Starizona USB Device Driver</finishTitle>
</language>
<language code="0x0C0A">
<dpinstTitle>Starizona USB Device Driver Installer</dpinstTitle>
<welcomeTitle>Welcome to the Starizona USB Device Driver Installer</welcomeTitle>
<welcomeIntro>This wizard will help you install the drivers for your Starizona USB Device device.</welcomeIntro>
<finishTitle>Completing the Installation of the Starizona USB Device Driver</finishTitle>
</language>
<language code="0x040B">
<dpinstTitle>Starizona USB Device Driver Installer</dpinstTitle>
<welcomeTitle>Welcome to the Starizona USB Device Driver Installer</welcomeTitle>
<welcomeIntro>This wizard will help you install the drivers for your Starizona USB Device device.</welcomeIntro>
<finishTitle>Completing the Installation of the Starizona USB Device Driver</finishTitle>
</language>
<language code="0x040C">
<dpinstTitle>Starizona USB Device Driver Installer</dpinstTitle>
<welcomeTitle>Welcome to the Starizona USB Device Driver Installer</welcomeTitle>
<welcomeIntro>This wizard will help you install the drivers for your Starizona USB Device device.</welcomeIntro>
<finishTitle>Completing the Installation of the Starizona USB Device Driver</finishTitle>
</language>
<language code="0x040D">
<dpinstTitle>Starizona USB Device Driver Installer</dpinstTitle>
<welcomeTitle>Welcome to the Starizona USB Device Driver Installer</welcomeTitle>
<welcomeIntro>This wizard will help you install the drivers for your Starizona USB Device device.</welcomeIntro>
<finishTitle>Completing the Installation of the Starizona USB Device Driver</finishTitle>
</language>
<language code="0x040E">
<dpinstTitle>Starizona USB Device Driver Installer</dpinstTitle>
<welcomeTitle>Welcome to the Starizona USB Device Driver Installer</welcomeTitle>
<welcomeIntro>This wizard will help you install the drivers for your Starizona USB Device device.</welcomeIntro>
<finishTitle>Completing the Installation of the Starizona USB Device Driver</finishTitle>
</language>
<language code="0x0410">
<dpinstTitle>Starizona USB Device Driver Installer</dpinstTitle>
<welcomeTitle>Welcome to the Starizona USB Device Driver Installer</welcomeTitle>
<welcomeIntro>This wizard will help you install the drivers for your Starizona USB Device device.</welcomeIntro>
<finishTitle>Completing the Installation of the Starizona USB Device Driver</finishTitle>
</language>
<language code="0x0411">
<dpinstTitle>Starizona USB Device Driver Installer</dpinstTitle>
<welcomeTitle>Welcome to the Starizona USB Device Driver Installer</welcomeTitle>
<welcomeIntro>This wizard will help you install the drivers for your Starizona USB Device device.</welcomeIntro>
<finishTitle>Completing the Installation of the Starizona USB Device Driver</finishTitle>
</language>
<language code="0x0412">
<dpinstTitle>Starizona USB Device Driver Installer</dpinstTitle>
<welcomeTitle>Welcome to the Starizona USB Device Driver Installer</welcomeTitle>
<welcomeIntro>This wizard will help you install the drivers for your Starizona USB Device device.</welcomeIntro>
<finishTitle>Completing the Installation of the Starizona USB Device Driver</finishTitle>
</language>
<language code="0x0414">
<dpinstTitle>Starizona USB Device Driver Installer</dpinstTitle>
<welcomeTitle>Welcome to the Starizona USB Device Driver Installer</welcomeTitle>
<welcomeIntro>This wizard will help you install the drivers for your Starizona USB Device device.</welcomeIntro>
<finishTitle>Completing the Installation of the Starizona USB Device Driver</finishTitle>
</language>
<language code="0x0413">
<dpinstTitle>Starizona USB Device Driver Installer</dpinstTitle>
<welcomeTitle>Welcome to the Starizona USB Device Driver Installer</welcomeTitle>
<welcomeIntro>This wizard will help you install the drivers for your Starizona USB Device device.</welcomeIntro>
<finishTitle>Completing the Installation of the Starizona USB Device Driver</finishTitle>
</language>
<language code="0x0415">
<dpinstTitle>Starizona USB Device Driver Installer</dpinstTitle>
<welcomeTitle>Welcome to the Starizona USB Device Driver Installer</welcomeTitle>
<welcomeIntro>This wizard will help you install the drivers for your Starizona USB Device device.</welcomeIntro>
<finishTitle>Completing the Installation of the Starizona USB Device Driver</finishTitle>
</language>
<language code="0x0416">
<dpinstTitle>Starizona USB Device Driver Installer</dpinstTitle>
<welcomeTitle>Welcome to the Starizona USB Device Driver Installer</welcomeTitle>
<welcomeIntro>This wizard will help you install the drivers for your Starizona USB Device device.</welcomeIntro>
<finishTitle>Completing the Installation of the Starizona USB Device Driver</finishTitle>
</language>
<language code="0x0816">
<dpinstTitle>Starizona USB Device Driver Installer</dpinstTitle>
<welcomeTitle>Welcome to the Starizona USB Device Driver Installer</welcomeTitle>
<welcomeIntro>This wizard will help you install the drivers for your Starizona USB Device device.</welcomeIntro>
<finishTitle>Completing the Installation of the Starizona USB Device Driver</finishTitle>
</language>
<language code="0x0419">
<dpinstTitle>Starizona USB Device Driver Installer</dpinstTitle>
<welcomeTitle>Welcome to the Starizona USB Device Driver Installer</welcomeTitle>
<welcomeIntro>This wizard will help you install the drivers for your Starizona USB Device device.</welcomeIntro>
<finishTitle>Completing the Installation of the Starizona USB Device Driver</finishTitle>
</language>
<language code="0x041D">
<dpinstTitle>Starizona USB Device Driver Installer</dpinstTitle>
<welcomeTitle>Welcome to the Starizona USB Device Driver Installer</welcomeTitle>
<welcomeIntro>This wizard will help you install the drivers for your Starizona USB Device device.</welcomeIntro>
<finishTitle>Completing the Installation of the Starizona USB Device Driver</finishTitle>
</language>
<language code="0x041F">
<dpinstTitle>Starizona USB Device Driver Installer</dpinstTitle>
<welcomeTitle>Welcome to the Starizona USB Device Driver Installer</welcomeTitle>
<welcomeIntro>This wizard will help you install the drivers for your Starizona USB Device device.</welcomeIntro>
<finishTitle>Completing the Installation of the Starizona USB Device Driver</finishTitle>
</language>
</dpinst>